{
  "global_min": 3.2279148495188705,
  "global_max": 11.488991314674596
}